{"cameraMode":{"drawMode":0,"name":"Shaded","section":"Shading Mode"},"sceneLighting":false,"audioPlay":false,"sceneViewState":{"m_AlwaysRefresh":false,"showFog":true,"showSkybox":false,"showFlares":true,"showImageEffects":true,"showParticleSystems":true,"showVisualEffectGraphs":true,"m_FxEnabled":true},"in2DMode":false,"pivot":{"x":-0.15000000596046449,"y":0.30000001192092898,"z":-0.550000011920929},"rotation":{"x":0.4894651174545288,"y":-0.008630371652543545,"z":0.0048452517949044708,"w":0.87197345495224},"size":0.639335572719574,"orthographic":false}