{"cameraMode":{"drawMode":0,"name":"Shaded","section":"Shading Mode"},"sceneLighting":false,"audioPlay":false,"sceneViewState":{"m_AlwaysRefresh":false,"showFog":true,"showSkybox":false,"showFlares":true,"showImageEffects":true,"showParticleSystems":true,"showVisualEffectGraphs":true,"m_FxEnabled":true},"in2DMode":false,"pivot":{"x":-0.00028071925044059753,"y":0.017348460853099824,"z":0.0385470986366272},"rotation":{"x":-0.0019682806450873615,"y":0.7577279806137085,"z":0.0022631241008639337,"w":0.652603268623352},"size":0.36022907495498659,"orthographic":false}